,MaterialTecho,Habitantes/Vivienda,Fuente_Combustible,Cocina_Exclusiva,Fuente_Agua,Ubicacion_Sanitario,Dormitorios/Vivienda,Cuartos/Vivienda,Tipo_Vivienda,Familias_Usando_Cocina,Purificacion,Mal_Olor,Mal_Color,Mal_Sabor,Sedimentos,Ducha,Basura,MaterialPiso,MaterialPared,Tipo_Sanitarios,Cantidad_Sanitarios,Prevalencia
0,3.0,3.66667,2.0,1.0,0.0,1.0,2.66667,4.33333,1.0,1.0,2.0,0.33333,0.0,0.33333,0.0,1.0,1.0,7.0,0.0,1.0,0.66667,5.0
1,0.0,5.8125,3.0,1.0,0.0,1.0,2.3125,3.3125,1.0,1.3125,2.0,0.0,0.0625,0.0,0.0,1.0,1.0,3.0,2.0,1.0,1.0625,7.0
2,2.0,4.55556,3.0,1.0,0.0,1.0,2.44444,4.44444,1.0,1.0,2.0,0.11111,0.11111,0.11111,0.0,1.0,1.0,3.0,0.0,1.0,1.0,8.0
3,0.0,4.62222,2.0,1.0,0.0,1.0,2.28889,4.15556,1.0,1.0,2.0,0.02222,0.13333,0.02222,0.22222,1.0,1.0,3.0,2.0,1.0,0.97778,5.0
4,0.0,4.5,2.0,1.0,0.0,0.0,2.5,4.0,1.0,1.0,2.0,0.0,0.5,0.0,0.0,1.0,1.0,2.0,2.0,1.0,1.0,9.0
5,0.0,4.38158,3.0,0.96053,0.0,1.0,2.36842,4.03947,1.0,1.01316,2.0,0.02632,0.28947,0.02632,0.05263,0.85526,1.0,3.0,2.0,1.0,1.01316,4.0
6,0.0,4.72222,3.0,0.94444,0.0,1.0,2.38889,4.5,1.0,1.0,2.0,0.05556,0.66667,0.0,0.0,0.94444,1.0,3.0,2.0,1.0,1.0,4.0
7,0.0,4.34783,3.0,1.0,0.0,1.0,2.13043,3.78261,1.0,1.13043,2.0,0.17391,0.26087,0.04348,0.26087,1.0,1.0,3.0,2.0,1.0,1.0,6.0
8,3.0,4.5,3.0,1.0,0.0,1.0,2.25,4.25,1.0,1.0,2.0,0.0,1.0,0.0,0.0,1.0,1.0,3.0,1.0,1.0,1.0,0.0
9,3.0,4.71429,2.0,1.0,0.0,1.0,2.57143,5.28571,0.0,1.0,2.0,0.0,0.0,0.0,1.0,1.0,2.0,3.0,1.0,0.0,1.0,1.0
10,3.0,4.5,4.0,1.0,0.0,0.0,3.0,4.5,0.0,1.0,2.0,0.0,0.0,0.0,0.75,1.0,1.0,3.0,1.0,0.0,1.0,3.0
11,3.0,5.25,4.0,1.0,0.0,1.0,2.0,3.25,1.0,1.375,4.0,0.0,0.125,0.0,0.0,0.125,1.0,7.0,1.0,3.0,1.0,9.0
12,0.0,4.28571,2.0,1.0,0.0,1.0,2.14286,3.14286,1.0,1.14286,5.0,0.0,0.28571,0.0,0.14286,0.85714,1.0,2.0,2.0,1.0,1.0,6.0
13,0.0,5.33333,2.0,1.0,0.0,1.0,2.66667,4.0,1.0,1.22222,2.0,0.11111,0.88889,0.0,0.22222,0.77778,1.0,3.0,2.0,1.0,1.0,8.0
14,0.0,4.09091,3.0,1.0,0.0,1.0,1.81818,3.81818,1.0,1.0,2.0,0.0,0.45455,0.0,0.0,1.0,1.0,3.0,0.0,0.0,1.0,6.0
15,0.0,4.75,2.0,1.0,0.0,0.0,2.0,3.25,0.0,1.0,4.0,0.0,0.0,0.0,0.375,1.0,4.0,3.0,2.0,0.0,1.0,0.0
16,0.0,4.57895,2.0,1.0,0.0,0.0,2.68421,3.68421,1.0,1.05263,2.0,0.0,0.10526,0.0,0.0,1.0,4.0,2.0,2.0,0.0,1.0,4.0
17,0.0,4.5,4.0,1.0,0.0,1.0,2.125,4.375,1.0,1.0,2.0,0.0,0.75,0.0,0.0,1.0,1.0,3.0,0.0,0.0,1.0,8.0
18,0.0,3.7,3.0,1.0,0.0,1.0,1.5,3.7,1.0,1.0,2.0,0.0,0.0,0.0,0.0,1.0,1.0,3.0,2.0,0.0,1.0,8.0
19,0.0,4.4,2.0,0.93333,0.0,0.0,2.46667,4.4,1.0,1.03333,2.0,0.0,0.23333,0.0,0.6,1.0,4.0,3.0,2.0,0.0,1.03333,3.0
20,0.0,4.84615,3.0,1.0,0.0,1.0,2.46154,4.92308,1.0,1.0,2.0,0.0,0.30769,0.0,0.0,1.0,1.0,3.0,2.0,0.0,1.0,6.0
21,0.0,5.5,3.0,1.0,0.0,0.0,2.0,5.0,1.0,1.0,2.0,0.0,0.0,0.0,0.0,0.5,1.0,3.0,0.0,0.0,1.0,9.0
22,0.0,4.33333,3.0,1.0,0.0,1.0,2.0,4.0,1.0,1.0,2.0,0.0,0.66667,0.0,0.0,1.0,1.0,0.0,0.0,0.0,1.0,5.0
23,2.0,4.0,3.0,1.0,0.0,1.0,1.0,4.0,1.0,1.0,2.0,0.0,0.0,0.0,0.0,1.0,4.0,7.0,0.0,0.0,1.0,9.0
24,2.0,3.0,3.0,1.0,0.0,0.0,1.5,4.0,1.0,1.0,2.0,0.0,0.0,0.0,0.0,1.0,4.0,3.0,0.0,0.0,1.0,9.0
25,0.0,4.6,2.0,1.0,0.0,0.0,2.2,4.2,1.0,1.4,2.0,0.0,0.1,0.1,0.0,1.0,4.0,3.0,2.0,0.0,1.0,6.0
26,0.0,4.52632,2.0,1.0,0.0,0.0,2.47368,4.10526,1.0,1.05263,2.0,0.05263,0.31579,0.0,0.05263,1.0,4.0,3.0,0.0,0.0,1.05263,5.0
27,0.0,4.27273,3.0,1.0,0.0,0.0,2.09091,4.63636,1.0,1.0,2.0,0.0,0.36364,0.0,0.0,1.0,1.0,3.0,0.0,0.0,1.0,7.0
28,0.0,5.65,2.0,1.0,0.0,0.0,2.8,3.9,1.0,1.0,2.0,0.0,0.0,0.0,0.1,1.0,4.0,2.0,2.0,0.0,1.05,8.0
29,0.0,3.5,2.0,1.0,0.0,0.0,1.5,6.0,1.0,1.0,2.0,0.0,0.0,0.0,0.0,1.0,4.0,3.0,0.0,0.0,1.0,3.0
30,0.0,4.25,4.0,1.0,0.0,0.0,2.16667,4.91667,1.0,1.0,2.0,0.0,0.41667,0.08333,0.0,1.0,1.0,3.0,0.0,0.0,1.16667,8.0
31,0.0,4.0,3.0,1.0,0.0,1.0,2.25,4.75,1.0,1.0,2.0,0.0,1.0,0.0,0.0,1.0,1.0,3.0,2.0,0.0,1.0,9.0
32,2.0,4.2,2.0,1.0,0.0,1.0,1.8,4.4,1.0,1.0,2.0,0.0,0.0,0.0,0.0,1.0,4.0,3.0,0.0,0.0,1.0,9.0
33,0.0,3.5,3.0,0.9,0.0,1.0,1.6,3.9,1.0,1.0,2.0,0.0,0.6,0.0,0.0,1.0,1.0,3.0,2.0,0.0,1.0,9.0
34,0.0,3.83333,3.0,1.0,0.0,1.0,2.33333,4.5,1.0,1.0,2.0,0.0,0.0,0.0,0.0,1.0,1.0,3.0,2.0,0.0,1.0,1.0
35,0.0,5.4,2.0,1.0,0.0,1.0,2.24,3.16,1.0,1.16,2.0,0.0,0.4,0.12,0.08,1.0,1.0,3.0,2.0,1.0,1.0,6.0
36,0.0,3.0,3.0,1.0,0.0,1.0,1.66667,4.33333,1.0,1.0,2.0,0.0,0.0,0.0,0.0,1.0,1.0,3.0,0.0,1.0,1.0,9.0
37,0.0,4.42857,2.0,1.0,0.0,0.0,2.42857,3.92857,1.0,1.0,2.0,0.0,0.14286,0.0,0.71429,1.0,4.0,2.0,2.0,0.0,1.07143,7.0
38,3.0,3.5,3.0,1.0,0.0,1.0,2.0,2.5,1.0,1.0,2.0,0.0,0.0,0.25,0.0,1.0,0.0,3.0,2.0,1.0,1.0,3.0
39,0.0,4.31818,3.0,0.95455,0.0,1.0,2.40909,3.72727,1.0,1.0,2.0,0.09091,0.04545,0.09091,0.04545,0.90909,1.0,3.0,2.0,1.0,1.0,4.0
40,2.0,5.66667,3.0,1.0,0.0,1.0,2.66667,4.66667,1.0,1.0,2.0,0.0,0.33333,0.0,1.0,1.0,1.0,3.0,1.0,1.0,1.0,5.0
41,0.0,5.2,3.0,0.8,0.0,1.0,2.4,4.0,1.0,1.0,2.0,0.0,0.0,0.0,0.0,0.6,1.0,3.0,1.0,1.0,1.0,4.0
42,0.0,4.86275,3.0,0.98039,0.0,1.0,2.29412,4.0,1.0,1.03922,2.0,0.05882,0.11765,0.09804,0.33333,0.4902,1.0,3.0,2.0,1.0,1.0,3.0
43,3.0,4.55556,3.0,1.0,0.0,1.0,2.33333,3.11111,1.0,1.0,2.0,0.0,0.0,0.0,0.0,1.0,1.0,7.0,0.0,1.0,0.88889,7.0
44,0.0,4.72222,4.0,1.0,0.0,1.0,2.27778,4.0,1.0,1.05556,2.0,0.05556,0.22222,0.0,0.38889,0.94444,1.0,3.0,2.0,1.0,1.0,7.0
45,0.0,4.53333,2.0,1.0,0.0,1.0,2.1,3.58333,1.0,1.1,2.0,0.25,0.46667,0.35,0.51667,0.78333,1.0,3.0,2.0,1.0,1.0,4.0
46,2.0,4.23077,3.0,1.0,0.0,0.0,2.07692,4.15385,1.0,1.0,2.0,0.15385,0.07692,0.07692,0.0,1.0,1.0,3.0,0.0,0.0,1.0,7.0
47,0.0,5.19355,2.0,1.0,0.0,1.0,2.19355,3.87097,1.0,1.32258,2.0,0.16129,0.32258,0.03226,0.16129,0.70968,1.0,3.0,0.0,1.0,1.03226,4.0
48,0.0,6.5,3.0,1.0,0.0,1.0,2.75,4.4375,1.0,1.03125,2.0,0.09375,0.15625,0.1875,0.15625,0.8125,1.0,3.0,2.0,1.0,1.0,6.0
49,0.0,4.3913,2.0,0.95652,0.0,1.0,2.28261,3.52174,1.0,1.06522,2.0,0.04348,0.67391,0.0,0.02174,0.95652,1.0,3.0,2.0,1.0,1.04348,5.0
50,0.0,3.66667,3.0,1.0,0.0,1.0,1.33333,2.66667,1.0,1.0,2.0,0.0,0.0,0.0,0.0,0.33333,1.0,7.0,0.0,1.0,0.66667,1.0
51,0.0,3.83333,2.0,1.0,0.0,1.0,2.25,3.41667,1.0,1.08333,2.0,0.08333,0.41667,0.0,0.08333,0.91667,1.0,3.0,0.0,1.0,1.0,2.0
52,0.0,5.05556,2.0,1.0,0.0,0.0,2.38889,2.88889,1.0,1.22222,2.0,0.0,0.38889,0.05556,0.11111,0.77778,1.0,2.0,2.0,1.0,1.0,4.0
53,0.0,5.61111,2.0,1.0,0.0,1.0,2.61111,4.33333,1.0,1.22222,2.0,0.38889,0.27778,0.5,0.0,0.88889,1.0,3.0,2.0,1.0,1.05556,5.0
54,0.0,4.74359,3.0,1.0,0.0,1.0,2.66667,3.20513,1.0,1.10256,2.0,0.0,0.05128,0.02564,0.12821,0.76923,4.0,3.0,2.0,1.0,0.97436,9.0
55,0.0,4.42105,2.0,0.96491,0.0,0.0,2.14035,3.4386,1.0,1.07018,2.0,0.01754,0.07018,0.0,0.03509,0.96491,4.0,3.0,0.0,0.0,0.98246,4.0
56,3.0,3.85714,3.0,1.0,0.0,0.0,1.57143,2.57143,1.0,1.0,2.0,0.0,0.14286,0.0,0.0,0.85714,1.0,7.0,0.0,1.0,0.85714,6.0
57,0.0,3.75,2.0,0.91667,0.0,0.0,2.08333,3.58333,1.0,1.0,2.0,0.08333,0.33333,0.16667,0.0,0.91667,1.0,3.0,0.0,0.0,0.91667,5.0
58,0.0,4.57143,2.0,1.0,0.0,1.0,2.14286,2.14286,1.0,1.28571,2.0,0.0,0.28571,0.0,0.57143,1.0,1.0,2.0,2.0,1.0,1.0,8.0
59,0.0,4.52174,2.0,1.0,0.0,0.0,2.04348,3.6087,1.0,1.13043,2.0,0.0,0.08696,0.04348,0.04348,0.86957,4.0,3.0,0.0,0.0,1.04348,4.0
60,0.0,4.67742,3.0,1.0,0.0,1.0,2.19355,3.64516,1.0,1.22581,2.0,0.0,0.32258,0.0,0.16129,0.96774,1.0,3.0,0.0,1.0,1.0,4.0
61,2.0,4.0,2.0,1.0,0.0,1.0,2.5,5.0,1.0,1.0,2.0,0.0,0.0,0.0,0.0,1.0,1.0,3.0,0.0,0.0,1.0,3.0
62,0.0,4.36111,2.0,1.0,0.0,0.0,2.36111,4.27778,1.0,1.25,2.0,0.02778,0.19444,0.02778,0.5,1.0,4.0,2.0,2.0,0.0,1.11111,3.0
63,3.0,4.7,3.0,1.0,0.0,1.0,2.25,4.2,1.0,1.0,4.0,0.0,0.05,0.0,0.0,0.95,1.0,3.0,1.0,1.0,1.0,3.0
64,0.0,6.33333,3.0,1.0,0.0,-1.0,2.33333,2.66667,1.0,1.0,2.0,0.0,0.0,0.0,0.33333,0.66667,1.0,3.0,1.0,1.0,0.66667,5.0
65,3.0,4.85714,3.0,0.85714,0.0,1.0,2.42857,4.14286,1.0,1.07143,2.0,0.0,0.21429,0.14286,0.07143,0.78571,1.0,3.0,1.0,1.0,0.85714,5.0
66,3.0,4.2,2.0,0.6,0.0,1.0,2.4,3.8,1.0,1.0,4.0,0.0,0.0,0.2,0.0,0.8,1.0,3.0,2.0,1.0,0.8,7.0
67,0.0,4.5,3.0,1.0,0.0,1.0,2.16667,3.5,1.0,1.16667,2.0,0.16667,0.16667,0.0,0.0,0.33333,1.0,3.0,1.0,1.0,1.0,7.0
68,0.0,5.14815,2.0,0.97531,0.0,0.0,2.61728,2.62963,1.0,1.03704,2.0,0.01235,0.17284,0.02469,0.07407,0.96296,4.0,3.0,2.0,1.0,1.01235,7.0
69,0.0,4.7,2.0,1.0,0.0,0.0,2.1,3.5,1.0,1.1,4.0,0.0,0.2,0.0,0.1,1.0,1.0,3.0,2.0,0.0,1.0,6.0
70,0.0,5.0,2.0,0.88889,0.0,1.0,2.27778,3.88889,0.0,1.11111,2.0,0.0,0.0,0.0,0.16667,0.94444,1.0,3.0,1.0,0.0,1.0,5.0
71,0.0,4.25,2.0,0.875,0.0,0.0,2.5,4.5625,1.0,1.0,2.0,0.125,0.375,0.0625,0.5625,1.0,1.0,3.0,2.0,1.0,1.0,7.0
72,0.0,4.77778,3.0,0.94444,0.0,1.0,2.36111,3.47222,1.0,1.05556,2.0,0.0,0.25,0.0,0.11111,0.91667,1.0,3.0,2.0,1.0,1.0,6.0
73,2.0,3.875,2.0,1.0,0.0,1.0,1.825,2.95,1.0,1.0,2.0,0.025,0.425,0.0,0.075,0.975,1.0,3.0,2.0,1.0,1.0,4.0
74,0.0,4.125,2.0,1.0,0.0,1.0,2.375,3.625,1.0,1.0,2.0,0.0,0.375,0.0,0.0,0.75,1.0,3.0,1.0,1.0,1.0,6.0
75,3.0,4.6,3.0,1.0,0.0,1.0,1.4,3.4,1.0,1.0,2.0,0.0,0.0,0.0,0.0,0.6,1.0,7.0,1.0,1.0,0.8,9.0
76,0.0,6.5,3.0,1.0,0.0,1.0,3.83333,5.0,1.0,1.0,2.0,0.0,0.0,0.0,0.0,1.0,1.0,3.0,0.0,1.0,1.0,3.0
77,0.0,6.0,3.0,1.0,0.0,1.0,2.66667,4.0,1.0,1.0,2.0,0.0,0.33333,0.0,0.0,1.0,0.0,3.0,2.0,1.0,1.0,5.0
78,0.0,4.75,3.0,0.8125,0.0,1.0,2.1875,3.875,1.0,1.0625,2.0,0.25,0.25,0.1875,0.0,0.75,1.0,3.0,1.0,1.0,0.9375,8.0
79,0.0,4.88889,3.0,1.0,0.0,1.0,2.33333,4.55556,1.0,1.11111,2.0,0.0,1.0,0.0,0.0,0.66667,1.0,3.0,2.0,1.0,1.0,3.0
80,3.0,4.59459,3.0,0.89189,0.0,1.0,2.21622,3.97297,1.0,1.0,2.0,0.0,0.21622,0.02703,0.05405,0.83784,1.0,3.0,1.0,1.0,0.97297,5.0
81,0.0,4.5,2.0,1.0,0.0,0.0,1.75,4.0,1.0,1.0,2.0,0.0,0.0,0.0,0.0,1.0,2.0,3.0,2.0,1.0,1.0,0.0
82,3.0,5.79412,3.0,1.0,0.0,1.0,2.74286,4.88571,0.0,1.05714,2.0,0.0,0.0,0.0,0.71429,0.85714,2.0,7.0,1.0,0.0,0.8,4.0
83,3.0,5.125,3.0,0.875,0.0,-1.0,2.375,3.625,0.0,1.0,4.0,0.0,0.0,0.0,0.625,0.75,2.0,7.0,1.0,4.0,0.375,8.0
84,3.0,8.0,3.0,1.0,4.0,1.0,4.0,6.0,0.0,1.0,2.0,0.0,0.0,0.0,1.0,1.0,2.0,7.0,1.0,1.0,1.0,9.0
85,3.0,6.25,3.0,1.0,0.0,1.0,2.75,5.25,0.0,1.0,2.0,0.0,0.0,0.0,0.5,0.75,2.0,3.0,1.0,1.0,0.75,6.0
86,0.0,8.0,3.0,1.0,0.0,1.0,2.0,3.0,1.0,1.0,2.0,0.0,0.0,0.5,0.5,1.0,0.0,5.0,5.0,1.0,1.0,9.0
87,2.0,4.5,3.0,1.0,0.0,1.0,1.81818,4.18182,1.0,1.0,2.0,0.0,0.18182,0.0,0.0,0.95455,1.0,7.0,0.0,1.0,0.95455,6.0
88,0.0,5.0,3.0,1.0,0.0,1.0,2.45455,3.27273,1.0,1.0,2.0,0.0,0.09091,0.09091,0.09091,0.90909,1.0,3.0,2.0,1.0,1.0,5.0
89,3.0,6.0,3.0,1.0,0.0,1.0,3.16667,3.5,1.0,1.0,2.0,0.0,0.16667,0.0,0.0,1.0,1.0,3.0,0.0,1.0,1.0,9.0
90,3.0,4.28571,3.0,0.85714,0.0,1.0,2.08571,3.4,1.0,1.0,2.0,0.05714,0.2,0.08571,0.11429,0.82857,1.0,3.0,2.0,1.0,0.94286,3.0
91,0.0,5.0,3.0,1.0,0.0,1.0,2.5,3.0,1.0,1.0,2.0,0.0,0.25,0.0,0.0,1.0,1.0,3.0,2.0,1.0,1.0,0.0
92,0.0,4.36364,3.0,1.0,0.0,0.0,2.27273,2.72727,1.0,1.0,2.0,0.09091,0.18182,0.27273,0.09091,1.0,1.0,3.0,2.0,1.0,1.09091,4.0
93,0.0,4.28571,3.0,1.0,0.0,1.0,1.71429,4.14286,1.0,1.0,2.0,0.0,0.28571,0.0,0.0,0.85714,1.0,7.0,0.0,1.0,0.85714,9.0
94,2.0,5.6,3.0,1.0,0.0,1.0,2.2,3.9,1.0,1.0,2.0,0.1,0.5,0.0,0.0,1.0,1.0,3.0,0.0,1.0,1.0,7.0
95,0.0,4.25,2.0,1.0,0.0,0.0,2.625,4.625,1.0,1.0,2.0,0.125,0.25,0.5,0.125,0.5,1.0,3.0,2.0,1.0,1.0,5.0
96,0.0,6.61538,2.0,1.0,0.0,1.0,2.92308,4.0,1.0,1.15385,2.0,0.0,0.0,0.0,0.0,0.92308,1.0,3.0,2.0,1.0,1.0,8.0
97,3.0,3.97727,2.0,0.88636,0.0,1.0,2.22727,4.18182,1.0,1.0,2.0,0.0,0.02273,0.02273,0.13636,0.95455,1.0,3.0,2.0,1.0,1.0,6.0
98,0.0,4.40909,2.0,1.0,0.0,0.0,2.63636,4.72727,1.0,1.0,2.0,0.0,0.0,0.0,0.86364,1.0,1.0,3.0,2.0,0.0,1.09091,4.0
99,2.0,5.2,4.0,1.0,0.0,1.0,2.8,3.4,1.0,1.0,2.0,0.0,0.0,0.0,0.0,0.8,1.0,7.0,0.0,1.0,0.8,9.0
100,3.0,5.34667,2.0,0.89474,0.0,1.0,2.36842,4.22368,1.0,1.05263,2.0,0.03947,0.11842,0.02632,0.09211,0.90789,1.0,3.0,2.0,1.0,1.02632,6.0
101,2.0,5.0,3.0,1.0,0.0,1.0,1.77778,3.33333,1.0,1.0,2.0,0.0,0.0,0.0,0.0,0.88889,1.0,7.0,0.0,1.0,0.77778,5.0
102,0.0,6.44444,2.0,1.0,0.0,1.0,2.66667,3.66667,1.0,1.11111,2.0,0.0,0.22222,0.0,0.0,1.0,4.0,3.0,2.0,1.0,1.0,4.0
103,0.0,4.9,3.0,0.9,0.0,-1.0,2.3,4.3,1.0,1.0,2.0,0.0,0.1,0.0,0.0,0.6,1.0,7.0,0.0,4.0,0.5,3.0
104,0.0,6.0,4.0,0.8,0.0,1.0,2.9,4.9,1.0,1.4,2.0,0.3,0.3,0.1,0.2,0.8,1.0,3.0,2.0,1.0,1.0,3.0
105,0.0,4.21053,3.0,1.0,0.0,1.0,1.78947,3.31579,1.0,1.0,2.0,0.0,0.26316,0.05263,0.0,0.84211,1.0,3.0,0.0,1.0,0.89474,4.0
106,0.0,6.78571,2.0,1.0,0.0,1.0,2.57143,3.57143,1.0,1.5,2.0,0.0,0.07143,0.0,0.0,0.92857,1.0,3.0,2.0,1.0,0.92857,6.0
107,0.0,5.30769,2.0,1.0,0.0,1.0,2.52564,4.16667,1.0,1.23077,2.0,0.41026,0.41026,0.55128,0.44872,0.66667,1.0,3.0,2.0,1.0,1.01282,5.0
108,0.0,4.94737,3.0,1.0,0.0,1.0,2.78947,3.68421,1.0,1.0,2.0,0.0,0.0,0.0,0.05263,0.94737,1.0,3.0,2.0,1.0,1.0,4.0
109,0.0,4.92857,2.0,1.0,0.0,1.0,2.5,3.64286,1.0,1.03571,2.0,0.03571,0.57143,0.07143,0.14286,0.92857,4.0,2.0,2.0,1.0,1.0,6.0
110,0.0,4.71429,2.0,1.0,0.0,1.0,2.28571,3.14286,1.0,1.0,2.0,0.0,0.14286,0.0,0.14286,1.0,1.0,3.0,2.0,1.0,1.0,4.0
111,0.0,5.28571,3.0,1.0,0.0,1.0,2.39535,3.39535,1.0,1.16279,2.0,0.02326,0.16279,0.02326,0.16279,0.97674,1.0,3.0,2.0,1.0,1.0,5.0
112,3.0,5.13636,3.0,0.86364,0.0,1.0,2.45455,4.59091,1.0,1.09091,2.0,0.09091,0.27273,0.04545,0.0,0.90909,1.0,7.0,1.0,1.0,0.90909,4.0
113,0.0,4.78947,4.0,1.0,0.0,1.0,2.15,3.8,1.0,1.1,2.0,0.1,0.15,0.0,0.0,0.95,1.0,3.0,0.0,1.0,1.0,0.0
114,0.0,4.40741,2.0,1.0,0.0,0.0,2.7037,4.37037,1.0,1.07407,2.0,0.07407,0.14815,0.11111,0.33333,1.0,1.0,2.0,2.0,1.0,1.03704,6.0
115,0.0,4.91667,2.0,1.0,0.0,1.0,2.41667,3.33333,1.0,1.25,2.0,0.0,0.125,0.04167,0.125,0.95833,1.0,2.0,2.0,1.0,0.95833,7.0
116,0.0,3.5,2.0,0.5,0.0,0.0,1.0,3.0,0.0,1.0,4.0,0.0,0.0,0.0,1.0,1.0,1.0,2.0,2.0,0.0,1.0,3.0
117,0.0,4.33333,3.0,1.0,0.0,1.0,2.0,3.0,1.0,1.0,2.0,0.0,0.0,0.0,0.0,1.0,1.0,3.0,1.0,1.0,1.0,5.0
118,0.0,5.125,2.0,0.95833,0.0,1.0,2.75,4.625,1.0,1.125,2.0,0.04167,0.33333,0.25,0.45833,0.95833,1.0,3.0,2.0,1.0,1.0,2.0
119,3.0,3.5,2.0,0.5,0.0,1.0,2.0,3.5,1.0,1.0,2.0,0.5,0.5,0.0,0.0,1.0,1.0,7.0,1.0,1.0,1.0,9.0
120,3.0,3.95833,2.0,0.95833,0.0,1.0,1.91667,2.97222,1.0,1.0,2.0,0.0,0.55556,0.0,0.0,0.91667,1.0,3.0,2.0,1.0,1.0,4.0
121,0.0,4.375,2.0,1.0,0.0,1.0,2.625,3.5,1.0,1.0,2.0,0.0,0.0,0.125,0.0,1.0,1.0,3.0,2.0,1.0,1.0,6.0
122,0.0,4.0,3.0,1.0,0.0,1.0,2.0,5.0,1.0,1.0,2.0,0.0,0.0,0.0,0.0,1.0,1.0,3.0,0.0,1.0,1.0,9.0
123,0.0,3.7,2.0,1.0,0.0,0.0,2.09091,3.81818,1.0,1.0,2.0,0.0,0.09091,0.0,0.36364,1.0,1.0,2.0,2.0,1.0,1.0,0.0
124,2.0,5.5,3.0,1.0,0.0,1.0,2.25,3.0,1.0,1.0,2.0,0.0,0.0,0.0,0.0,1.0,1.0,3.0,2.0,1.0,1.0,5.0
125,0.0,5.42857,2.0,1.0,0.0,1.0,2.42857,3.57143,1.0,1.14286,5.0,0.0,0.0,0.0,0.0,1.0,0.0,3.0,2.0,1.0,1.0,6.0
126,0.0,5.25,3.0,1.0,0.0,1.0,2.0,4.625,1.0,1.0,2.0,0.0,0.0,0.0,0.0,1.0,1.0,3.0,2.0,1.0,1.0,6.0
127,3.0,4.15385,2.0,0.84615,0.0,1.0,1.84615,3.61538,1.0,1.0,2.0,0.0,0.07692,0.0,0.07692,1.0,1.0,3.0,1.0,1.0,1.0,5.0
128,0.0,5.88889,3.0,0.83333,0.0,1.0,2.5,4.05556,0.0,1.11111,2.0,0.0,0.27778,0.05556,0.38889,0.61111,1.0,3.0,1.0,0.0,0.83333,7.0
129,0.0,3.57143,2.0,0.98571,0.0,1.0,1.9,3.04286,1.0,1.05714,2.0,0.00714,0.53571,0.01429,0.15,0.99286,1.0,3.0,2.0,1.0,1.0,6.0
130,3.0,5.05,3.0,1.0,0.0,0.0,2.0,3.55,0.0,1.0,2.0,0.0,0.0,0.0,0.7,0.85,1.0,3.0,1.0,0.0,0.9,2.0
131,0.0,4.0,3.0,1.0,0.0,1.0,1.83333,4.0,1.0,1.0,2.0,0.0,0.0,0.0,0.0,1.0,1.0,7.0,0.0,1.0,0.83333,7.0
132,0.0,4.75,4.0,1.0,0.0,1.0,2.125,4.0,1.0,1.25,2.0,0.125,0.125,0.0,0.0,0.75,1.0,7.0,0.0,1.0,1.0,6.0
133,3.0,5.0,3.0,1.0,0.0,1.0,2.0,3.0,1.0,1.0,2.0,0.0,1.0,0.0,0.0,1.0,1.0,3.0,0.0,1.0,1.0,9.0
134,0.0,4.64286,2.0,1.0,0.0,0.0,2.14286,3.14286,1.0,1.0,2.0,0.0,0.42857,0.14286,0.07143,1.0,1.0,3.0,2.0,1.0,1.0,4.0
135,0.0,5.125,2.0,1.0,0.0,1.0,2.0,3.25,1.0,1.0,2.0,0.0,0.25,0.0,0.0,1.0,1.0,3.0,2.0,1.0,1.0,6.0
136,0.0,4.25,3.0,1.0,0.0,1.0,1.875,4.0,1.0,1.0,2.0,0.0,0.0,0.0,0.25,1.0,1.0,7.0,0.0,1.0,1.0,8.0
137,3.0,4.83333,3.0,1.0,0.0,1.0,2.08333,3.5,1.0,1.0,2.0,0.0,0.25,0.08333,0.0,0.83333,1.0,3.0,0.0,1.0,0.91667,6.0
138,0.0,4.78571,2.0,0.96429,0.0,0.0,2.64286,4.35714,1.0,1.0,2.0,0.07143,0.25,0.03571,0.10714,0.92857,1.0,3.0,2.0,1.0,1.0,5.0
139,0.0,4.5,4.0,0.5,0.0,0.0,2.5,4.5,0.0,2.5,2.0,0.0,0.0,0.0,0.0,1.0,1.0,2.0,2.0,1.0,1.0,3.0
140,0.0,6.0,3.0,1.0,0.0,1.0,2.16667,4.83333,0.0,1.0,2.0,0.0,0.33333,0.0,0.33333,1.0,1.0,7.0,0.0,1.0,1.0,7.0
141,0.0,4.37975,2.0,0.98734,0.0,1.0,2.01266,2.98734,1.0,1.0,2.0,0.02532,0.29114,0.0,0.16456,0.98734,1.0,3.0,2.0,1.0,1.01266,6.0
142,3.0,4.66667,2.0,0.9697,0.0,1.0,2.21212,3.51515,0.0,1.09091,2.0,0.0,0.0303,0.06061,0.66667,0.9697,4.0,3.0,1.0,0.0,1.0303,4.0
143,0.0,4.86667,2.0,1.0,0.0,0.0,3.0,5.33333,1.0,1.06667,4.0,0.0,0.06667,0.0,0.66667,1.0,4.0,3.0,2.0,0.0,1.06667,4.0
144,3.0,5.54054,3.0,0.97297,0.0,1.0,2.27027,4.02703,0.0,1.08108,2.0,0.0,0.05405,0.0,0.35135,0.89189,2.0,3.0,1.0,0.0,0.91892,7.0
145,0.0,5.0,3.0,0.9375,0.0,1.0,1.8125,3.0,0.0,1.0,2.0,0.0,0.0,0.0,1.0,0.9375,2.0,3.0,2.0,0.0,0.875,5.0
146,2.0,5.0,3.0,1.0,0.0,1.0,2.0,3.5,1.0,1.0,2.0,0.0,0.0,0.0,0.0,1.0,1.0,3.0,0.0,1.0,1.0,9.0
147,0.0,3.90909,3.0,1.0,0.0,1.0,2.0,3.27273,1.0,1.0,2.0,0.0,0.09091,0.18182,0.0,0.90909,0.0,3.0,2.0,1.0,1.0,4.0
148,0.0,4.61538,3.0,0.96154,0.0,-1.0,2.11538,3.26923,1.0,1.0,2.0,0.07692,0.07692,0.0,0.15385,0.61538,1.0,7.0,0.0,4.0,0.53846,5.0
149,2.0,9.0,5.0,0.0,0.0,1.0,3.0,5.0,1.0,1.0,2.0,0.0,0.0,1.0,0.0,1.0,1.0,3.0,2.0,1.0,1.0,9.0
150,0.0,4.75,3.0,0.83333,0.0,1.0,2.16667,4.16667,1.0,1.0,2.0,0.0,0.33333,0.08333,0.0,0.83333,1.0,3.0,2.0,1.0,0.91667,5.0
151,2.0,4.66667,3.0,1.0,0.0,1.0,2.16667,5.16667,1.0,1.0,2.0,0.0,0.0,0.0,0.0,1.0,1.0,7.0,0.0,1.0,1.0,5.0
152,0.0,5.22727,3.0,1.0,0.0,1.0,1.90909,4.31818,1.0,1.13636,2.0,0.04545,0.22727,0.09091,0.18182,0.95455,1.0,7.0,0.0,1.0,0.90909,6.0
153,0.0,3.71429,3.0,0.92857,0.0,1.0,1.71429,4.28571,1.0,1.0,2.0,0.0,0.07143,0.07143,0.07143,0.92857,1.0,3.0,0.0,1.0,0.92857,6.0
154,0.0,5.5,3.0,1.0,0.0,1.0,2.5,4.5,1.0,1.0,2.0,0.0,0.0,0.0,0.0,1.0,1.0,3.0,0.0,1.0,1.0,9.0
155,3.0,4.68116,3.0,0.78261,0.0,1.0,2.3913,4.21739,1.0,1.01449,4.0,0.01449,0.05797,0.02899,0.2029,0.85507,1.0,3.0,1.0,1.0,0.98438,2.0
156,0.0,6.0,4.0,1.0,0.0,1.0,2.66667,3.33333,1.0,1.66667,2.0,0.0,0.33333,0.0,0.33333,1.0,1.0,3.0,2.0,1.0,1.0,5.0
157,3.0,3.8,3.0,0.95,0.0,1.0,2.2,3.9,1.0,1.0,4.0,0.0,0.0,0.0,0.0,0.95,1.0,3.0,1.0,1.0,1.0,2.0
158,0.0,4.85,2.0,0.9,0.0,1.0,2.3,3.25,1.0,1.15,2.0,0.1,0.5,0.1,0.25,0.9,1.0,3.0,2.0,1.0,1.0,7.0
159,3.0,4.28,3.0,0.84,0.0,1.0,1.52,2.52,1.0,1.0,2.0,0.0,0.24,0.0,0.24,0.8,1.0,7.0,1.0,1.0,0.95455,6.0
160,0.0,6.58621,2.0,0.86207,0.0,0.0,2.48276,4.31034,1.0,1.06897,2.0,0.03448,0.13793,0.06897,0.03448,0.86207,2.0,3.0,2.0,1.0,1.06897,5.0
161,0.0,4.81481,4.0,1.0,0.0,1.0,2.62963,4.37037,1.0,1.07407,2.0,0.14815,0.40741,0.07407,0.25926,1.0,1.0,2.0,0.0,1.0,1.07407,6.0
162,3.0,6.0,4.0,1.0,0.0,1.0,2.0,2.0,1.0,1.0,2.0,0.0,1.0,0.0,0.0,0.0,4.0,3.0,2.0,1.0,1.0,9.0
163,0.0,5.66667,2.0,1.0,0.0,1.0,2.95238,3.52381,1.0,1.19048,4.0,0.0,0.52381,0.04762,0.09524,0.85714,1.0,3.0,5.0,1.0,0.95238,8.0
164,0.0,6.5625,3.0,1.0,0.0,1.0,2.5625,4.5625,0.0,1.0625,2.0,0.0625,0.375,0.0625,0.0,0.625,1.0,7.0,1.0,1.0,1.0,6.0
165,0.0,3.6,3.0,1.0,0.0,1.0,2.0,4.6,1.0,1.0,2.0,0.0,0.0,0.0,0.0,1.0,1.0,7.0,0.0,1.0,1.0,4.0
166,0.0,5.0,2.0,1.0,0.0,0.0,2.25,4.5,1.0,1.0,2.0,0.0,0.25,0.0,0.25,1.0,1.0,2.0,2.0,1.0,1.0,9.0
167,0.0,4.0,3.0,1.0,0.0,1.0,1.75,4.25,1.0,1.0,2.0,0.0,0.0,0.0,0.0,1.0,1.0,3.0,2.0,1.0,1.0,9.0
168,0.0,4.95833,3.0,1.0,0.0,1.0,2.66667,3.95833,0.0,1.04167,2.0,0.0,0.04167,0.04167,0.0,0.875,1.0,3.0,1.0,0.0,0.875,8.0
169,0.0,5.0,3.0,1.0,0.0,1.0,2.8,4.8,1.0,1.0,2.0,0.0,0.0,0.0,0.0,1.0,1.0,3.0,0.0,1.0,1.0,4.0
170,2.0,3.88889,3.0,1.0,0.0,1.0,1.77778,4.77778,1.0,1.0,2.0,0.0,0.0,0.0,0.0,1.0,1.0,3.0,0.0,1.0,1.0,5.0
171,0.0,5.4,2.0,1.0,0.0,1.0,2.4,4.6,1.0,1.06667,2.0,0.0,0.26667,0.0,0.66667,0.86667,1.0,3.0,2.0,1.0,1.0,4.0
172,0.0,4.4,3.0,1.0,0.0,0.0,2.0,4.8,1.0,1.0,2.0,0.0,0.4,0.0,0.4,1.0,1.0,3.0,0.0,1.0,1.0,4.0
173,0.0,7.0,3.0,1.0,0.0,1.0,3.0,4.0,1.0,1.0,2.0,0.0,0.0,0.0,0.0,1.0,1.0,3.0,2.0,1.0,1.0,3.0
174,0.0,7.06667,2.0,0.93333,0.0,1.0,2.06667,3.73333,1.0,1.06667,2.0,0.06667,0.2,0.13333,0.0,1.0,1.0,3.0,2.0,1.0,1.0,5.0
175,0.0,4.46154,2.0,0.92308,0.0,1.0,2.15385,2.76923,1.0,1.15385,2.0,0.15385,0.46154,0.07692,0.0,0.84615,1.0,3.0,2.0,1.0,1.0,4.0
176,0.0,4.53846,2.0,1.0,0.0,0.0,2.53846,4.38462,1.0,1.0,2.0,0.15385,0.23077,0.38462,0.23077,1.0,4.0,3.0,2.0,0.0,1.07692,5.0
177,0.0,6.26087,3.0,1.0,0.0,0.0,2.21739,3.69565,0.0,1.17391,4.0,0.0,0.08696,0.0,0.69565,0.95652,2.0,3.0,1.0,0.0,0.91304,9.0
178,0.0,4.5,3.0,1.0,0.0,1.0,2.33333,4.38889,1.0,1.0,2.0,0.11111,0.11111,0.05556,0.61111,0.94444,1.0,3.0,2.0,1.0,1.0,2.0
179,0.0,3.66667,3.0,1.0,0.0,1.0,2.33333,4.33333,1.0,1.0,2.0,0.0,0.0,0.0,0.33333,1.0,1.0,3.0,1.0,1.0,1.0,1.0
180,2.0,6.0,3.0,1.0,0.0,1.0,2.16667,5.0,1.0,1.0,2.0,0.08333,0.75,0.08333,1.0,1.0,1.0,3.0,2.0,1.0,1.0,6.0
181,0.0,5.0,2.0,0.8,0.0,1.0,3.0,5.6,1.0,1.4,2.0,0.0,0.0,0.0,0.0,1.0,1.0,3.0,2.0,1.0,1.0,4.0
182,3.0,4.5,2.0,1.0,0.0,1.0,2.07143,2.71429,1.0,1.0,2.0,0.14286,0.28571,0.07143,0.07143,0.92857,1.0,3.0,5.0,2.0,1.0,6.0
183,0.0,5.33333,2.0,1.0,0.0,0.0,2.88889,4.33333,1.0,1.0,2.0,0.22222,0.22222,0.44444,0.0,1.0,1.0,3.0,2.0,1.0,1.0,7.0
184,3.0,5.27273,4.0,0.54545,0.0,1.0,3.45455,6.0,1.0,1.0,4.0,0.09091,0.72727,0.0,0.36364,0.63636,1.0,3.0,1.0,1.0,0.63636,3.0
185,3.0,4.0,2.0,1.0,0.0,0.0,2.25,3.25,1.0,1.0,2.0,0.0,0.75,0.0,0.5,1.0,4.0,3.0,2.0,0.0,0.75,3.0
186,0.0,6.45946,3.0,0.94595,0.0,1.0,2.37838,3.86486,1.0,1.02703,2.0,0.0,0.05405,0.0,0.05405,0.72973,1.0,7.0,0.0,1.0,0.81081,5.0
187,3.0,5.20312,3.0,0.76562,0.0,1.0,2.59375,4.5,1.0,1.01562,5.0,0.0,0.07812,0.0,0.21875,0.89062,1.0,3.0,1.0,1.0,1.0,5.0
188,0.0,5.22727,2.0,1.0,0.0,1.0,2.5,4.5,1.0,1.0,2.0,0.09091,0.04545,0.09091,0.63636,1.0,1.0,3.0,2.0,1.0,1.0,6.0
189,0.0,7.5,2.0,1.0,0.0,0.0,2.0,3.5,1.0,1.5,2.0,0.0,0.0,0.0,0.0,1.0,1.0,3.0,2.0,1.0,1.0,9.0
190,0.0,4.5,2.0,1.0,0.0,0.0,2.4375,3.8125,1.0,1.1875,2.0,0.0,0.0625,0.0,0.625,1.0,4.0,3.0,2.0,0.0,1.0625,6.0
191,0.0,4.0,2.0,0.92,0.0,1.0,2.52,3.44,1.0,1.12,2.0,0.04,0.08,0.24,0.0,1.0,0.0,3.0,2.0,1.0,1.0,5.0
192,0.0,5.28571,2.0,0.94286,0.0,1.0,2.82857,4.45714,1.0,1.05714,2.0,0.05714,0.11429,0.08571,0.14286,0.65714,1.0,3.0,2.0,1.0,1.0,6.0
193,0.0,5.26866,3.0,0.9403,0.0,1.0,2.49254,3.41791,1.0,1.01493,2.0,0.01493,0.20896,0.01493,0.10448,0.98507,1.0,3.0,2.0,1.0,1.0,4.0
194,0.0,4.5,3.0,0.875,0.0,1.0,2.5,4.375,1.0,1.0,2.0,0.5,0.625,0.5,0.0,0.625,0.0,7.0,2.0,1.0,1.0,3.0
195,0.0,4.0,3.0,0.0,0.0,1.0,2.0,3.0,1.0,1.0,2.0,0.0,0.0,0.0,0.0,0.0,1.0,7.0,2.0,1.0,1.0,9.0
196,0.0,4.0,3.0,1.0,0.0,0.0,2.5,4.5,1.0,1.0,2.0,0.0,0.0,0.0,0.5,1.0,1.0,3.0,2.0,1.0,1.0,3.0
197,0.0,5.09259,2.0,1.0,0.0,1.0,2.53704,3.03704,1.0,1.33333,2.0,0.03704,0.09259,0.0,0.09259,0.98148,1.0,3.0,2.0,1.0,1.03704,7.0
198,2.0,5.75,2.0,1.0,0.0,1.0,2.25,3.25,1.0,1.0,2.0,0.0,0.5,0.0,0.0,1.0,1.0,3.0,2.0,1.0,1.0,9.0
199,0.0,5.14286,4.0,1.0,0.0,1.0,2.28571,3.42857,1.0,1.0,2.0,0.0,0.28571,0.0,0.42857,1.0,1.0,7.0,1.0,1.0,1.0,4.0
200,0.0,5.06667,2.0,0.93333,0.0,1.0,2.26667,3.16667,1.0,1.13333,2.0,0.03333,0.16667,0.0,0.06667,0.93333,1.0,3.0,2.0,1.0,1.03333,4.0
201,3.0,7.2,4.0,0.8,0.0,-1.0,2.6,4.0,1.0,1.0,2.0,0.0,0.2,0.0,0.0,0.4,1.0,7.0,0.0,4.0,0.0,2.0
202,0.0,4.42857,4.0,1.0,0.0,1.0,2.35714,3.92857,1.0,1.0,2.0,0.0,0.28571,0.0,0.07143,0.92857,1.0,7.0,0.0,1.0,0.92857,6.0
203,0.0,4.33708,2.0,1.0,0.0,1.0,1.89888,2.98876,1.0,1.0,2.0,0.0,0.34831,0.0,0.1573,0.98876,1.0,3.0,2.0,1.0,1.0,6.0
204,0.0,3.0,2.0,1.0,0.0,0.0,2.0,5.0,1.0,1.0,2.0,0.0,0.0,0.0,1.0,1.0,0.0,3.0,2.0,1.0,1.0,9.0
205,3.0,5.07692,3.0,0.92308,6.0,1.0,1.84615,2.23077,1.0,1.15385,2.0,0.0,0.0,0.0,0.0,0.61538,1.0,7.0,0.0,1.0,0.61538,4.0
206,0.0,5.0,4.0,1.0,0.0,1.0,3.0,4.0,1.0,1.0,2.0,0.0,0.0,0.0,0.0,1.0,1.0,2.0,0.0,1.0,1.0,9.0
207,3.0,4.2,3.0,1.0,0.0,1.0,2.2,3.4,1.0,1.0,2.0,0.0,0.0,0.0,0.0,1.0,2.0,3.0,1.0,1.0,1.0,0.0
208,0.0,4.47059,2.0,0.88235,0.0,1.0,2.17647,3.52941,1.0,1.05882,2.0,0.0,0.05882,0.0,0.94118,0.76471,1.0,3.0,2.0,1.0,0.88235,7.0
209,3.0,3.97391,2.0,0.96522,0.0,1.0,2.07826,3.17391,1.0,1.09565,2.0,0.02609,0.32174,0.01739,0.0087,0.95652,1.0,3.0,0.0,1.0,1.0,6.0
210,0.0,4.875,2.0,1.0,0.0,0.0,2.45833,4.0,1.0,1.0,2.0,0.0,0.0,0.0,0.95833,0.95833,1.0,3.0,2.0,1.0,1.04167,5.0
211,2.0,4.875,4.0,1.0,0.0,1.0,2.625,3.875,1.0,1.0,2.0,0.0,0.0,0.0,0.0,0.875,1.0,3.0,0.0,1.0,1.0,6.0
212,0.0,3.5,2.0,1.0,0.0,1.0,2.0,3.5,1.0,1.0,2.0,0.0,0.0,0.0,1.0,1.0,1.0,0.0,2.0,1.0,1.0,3.0
213,0.0,3.75,2.0,1.0,0.0,1.0,2.4,3.8,1.0,1.6,2.0,0.0,0.6,0.2,0.6,0.8,1.0,3.0,2.0,1.0,1.0,7.0
214,0.0,3.33333,3.0,1.0,0.0,1.0,2.0,3.16667,1.0,1.0,2.0,0.0,0.0,0.0,1.0,1.0,1.0,3.0,2.0,1.0,1.0,3.0
215,0.0,5.05,3.0,0.95,0.0,1.0,2.6,4.8,1.0,1.0,2.0,0.0,0.25,0.0,0.0,1.0,1.0,3.0,2.0,1.0,1.0,6.0
216,0.0,4.33333,3.0,1.0,0.0,-1.0,3.0,4.66667,1.0,1.0,2.0,0.0,0.33333,0.0,0.0,1.0,1.0,3.0,2.0,1.0,0.66667,9.0
217,0.0,4.42857,3.0,1.0,0.0,1.0,1.85714,4.28571,1.0,1.0,2.0,0.0,0.0,0.0,0.0,1.0,1.0,3.0,0.0,1.0,1.0,8.0
218,3.0,3.0,3.0,1.0,0.0,1.0,2.0,2.66667,1.0,1.0,2.0,0.0,0.33333,0.0,0.0,0.66667,1.0,3.0,0.0,1.0,0.66667,5.0
219,2.0,4.07143,3.0,0.92857,0.0,0.0,2.21429,4.28571,1.0,1.0,2.0,0.0,0.28571,0.0,0.35714,0.92857,1.0,3.0,2.0,1.0,1.0,6.0
220,0.0,3.84615,3.0,1.0,0.0,0.0,1.76923,2.92308,1.0,1.0,2.0,0.0,0.30769,0.0,0.0,1.0,1.0,3.0,0.0,1.0,1.0,4.0
221,3.0,3.5,3.0,1.0,0.0,0.0,2.0,3.0,1.0,1.0,2.0,0.0,1.0,0.0,0.0,1.0,0.0,7.0,0.0,1.0,1.0,9.0
222,0.0,4.92857,2.0,0.85714,0.0,0.0,2.14286,3.5,1.0,1.0,4.0,0.0,0.07143,0.07143,0.57143,0.85714,4.0,3.0,2.0,0.0,1.0,2.0
223,0.0,4.71429,3.0,0.97143,0.0,1.0,1.94286,4.08571,0.0,1.0,2.0,0.0,0.0,0.0,0.02857,0.77143,2.0,3.0,2.0,1.0,1.0,3.0
224,0.0,4.61765,2.0,0.97059,0.0,0.0,2.5,4.05882,1.0,1.08824,2.0,0.05882,0.08824,0.0,0.29412,1.0,1.0,3.0,2.0,0.0,1.0,8.0
225,0.0,6.0,3.0,1.0,0.0,1.0,2.0,4.0,0.0,1.0,4.0,0.0,0.0,0.0,0.0,1.0,2.0,3.0,2.0,1.0,1.0,9.0
226,2.0,4.0,3.0,1.0,0.0,0.0,1.0,2.0,1.0,1.0,2.0,0.0,0.0,0.0,0.0,0.0,1.0,4.0,0.0,0.0,1.0,9.0
227,0.0,4.75,2.0,0.97222,0.0,0.0,2.36111,3.91667,1.0,1.08333,2.0,0.05556,0.05556,0.11111,0.02778,0.97222,4.0,3.0,2.0,0.0,0.97222,4.0
228,0.0,4.66667,3.0,0.93333,0.0,1.0,2.33333,4.2,1.0,1.06667,2.0,0.0,0.86667,0.2,0.73333,0.93333,1.0,3.0,2.0,1.0,1.0,8.0
229,0.0,4.83333,2.0,0.91667,0.0,1.0,2.66667,5.16667,1.0,1.16667,2.0,0.0,0.0,0.0,0.0,0.91667,1.0,3.0,2.0,1.0,1.08333,5.0
230,3.0,4.5,3.0,1.0,0.0,-1.0,2.125,3.0,1.0,1.0,2.0,0.0,0.125,0.0,0.0,0.75,1.0,7.0,0.0,4.0,0.5,3.0
231,3.0,4.6087,3.0,0.86957,0.0,1.0,1.95652,3.04348,1.0,1.0,2.0,0.0,0.17391,0.0,0.0,0.91304,1.0,3.0,1.0,1.0,1.0,7.0
232,3.0,4.77778,2.0,1.0,0.0,1.0,1.94444,3.88889,1.0,1.0,2.0,0.0,0.0,0.0,0.0,0.94444,1.0,3.0,1.0,1.0,1.0,4.0
233,0.0,5.35714,3.0,1.0,0.0,1.0,2.5,4.35714,1.0,1.07143,2.0,0.0,0.78571,0.0,0.0,0.92857,1.0,3.0,1.0,1.0,1.0,3.0
234,2.0,4.66667,4.0,1.0,0.0,1.0,2.0,4.0,1.0,1.0,2.0,0.0,0.0,0.0,0.0,1.0,1.0,7.0,0.0,1.0,1.0,9.0
235,0.0,5.0,3.0,1.0,0.0,1.0,3.0,5.0,1.0,1.0,2.0,0.0,0.0,0.0,0.0,1.0,1.0,7.0,0.0,1.0,1.0,9.0
236,3.0,5.0,3.0,1.0,0.0,1.0,3.0,5.0,1.0,1.0,2.0,0.0,0.0,0.0,0.0,1.0,1.0,7.0,1.0,1.0,1.0,9.0
237,3.0,4.91667,3.0,0.91667,0.0,1.0,2.25,4.33333,1.0,1.0,2.0,0.0,0.08333,0.16667,0.0,0.91667,1.0,3.0,1.0,1.0,0.83333,9.0
238,0.0,4.91667,3.0,1.0,0.0,1.0,2.75,4.70833,1.0,1.0,2.0,0.0,0.0,0.0,0.125,0.95833,1.0,2.0,2.0,1.0,0.95833,5.0
239,0.0,4.19231,3.0,1.0,0.0,1.0,2.26923,4.46154,1.0,1.11538,2.0,0.0,0.53846,0.0,0.15385,0.65385,1.0,3.0,2.0,1.0,1.03846,3.0
240,2.0,4.75,3.0,1.0,0.0,1.0,2.75,4.0,1.0,1.0,2.0,0.0,0.25,0.0,0.25,1.0,1.0,3.0,0.0,1.0,1.0,6.0
241,2.0,5.0,2.0,1.0,0.0,1.0,3.0,4.0,1.0,1.0,2.0,0.0,0.0,0.0,0.0,1.0,1.0,3.0,2.0,1.0,1.0,9.0
242,0.0,5.2,3.0,1.0,0.0,1.0,2.2,3.0,1.0,1.0,2.0,0.0,0.4,0.0,0.0,0.8,1.0,3.0,2.0,1.0,1.0,9.0
243,0.0,3.66667,3.0,1.0,0.0,1.0,2.0,2.66667,1.0,1.0,2.0,0.0,1.0,0.0,0.0,0.33333,1.0,7.0,0.0,1.0,1.0,5.0
244,0.0,4.19048,3.0,1.0,0.0,1.0,1.95238,4.57143,1.0,1.09524,2.0,0.0,0.09524,0.0,0.04762,1.0,1.0,3.0,0.0,1.0,0.80952,5.0
245,0.0,4.15385,3.0,1.0,0.0,1.0,1.76923,4.07692,1.0,1.0,2.0,0.0,0.0,0.0,0.0,1.0,1.0,7.0,0.0,1.0,1.0,9.0
246,0.0,4.92308,3.0,1.0,0.0,1.0,1.76923,3.76923,1.0,1.07692,2.0,0.23077,0.76923,0.15385,0.76923,1.0,1.0,7.0,0.0,1.0,1.07692,7.0
247,0.0,3.91667,3.0,1.0,0.0,1.0,2.25,4.08333,1.0,1.0,2.0,0.08333,0.66667,0.0,0.08333,1.0,1.0,3.0,2.0,1.0,1.0,2.0
248,0.0,4.34615,2.0,0.80769,0.0,0.0,2.30769,4.23077,1.0,1.03846,2.0,0.0,0.03846,0.0,0.26923,0.80769,2.0,3.0,2.0,1.0,0.88462,4.0
249,0.0,5.0,2.0,1.0,0.0,1.0,2.0,3.0,1.0,1.0,2.0,0.0,0.0,0.0,0.0,1.0,1.0,3.0,2.0,1.0,1.0,9.0
250,0.0,4.8,4.0,1.0,0.0,1.0,2.2,3.8,1.0,1.0,2.0,0.0,0.4,0.0,0.0,1.0,1.0,3.0,0.0,1.0,1.0,7.0
251,0.0,4.0,2.0,1.0,0.0,0.0,2.0,3.5,1.0,1.0,2.0,0.0,0.0,0.0,1.0,1.0,1.0,2.0,2.0,0.0,1.0,9.0
252,0.0,5.44444,3.0,1.0,0.0,1.0,2.44444,4.22222,1.0,1.0,2.0,0.22222,0.0,0.0,0.11111,0.66667,1.0,7.0,0.0,1.0,0.55556,7.0
253,0.0,6.11111,3.0,1.0,0.0,1.0,2.22222,3.33333,1.0,1.05556,2.0,0.0,0.0,0.0,0.05556,0.88889,1.0,3.0,2.0,1.0,1.05556,8.0
254,0.0,5.76,4.0,1.0,0.0,1.0,2.76,3.52,1.0,1.0,2.0,0.0,0.04,0.04,0.0,0.96,1.0,3.0,2.0,1.0,1.04,7.0
255,3.0,5.26027,3.0,1.0,0.0,1.0,2.61644,4.69863,0.0,1.02778,4.0,0.0137,0.0274,0.0,0.83562,0.9589,2.0,7.0,1.0,0.0,0.93151,6.0
256,2.0,4.16667,3.0,1.0,0.0,1.0,2.0,3.83333,1.0,1.16667,2.0,0.0,0.0,0.0,0.0,1.0,1.0,3.0,0.0,1.0,1.16667,7.0
257,0.0,3.4,3.0,1.0,0.0,1.0,1.6,4.4,1.0,1.0,2.0,0.0,0.0,0.0,0.0,1.0,1.0,7.0,0.0,1.0,1.0,7.0
258,0.0,5.1,3.0,1.0,0.0,1.0,2.3,3.7,1.0,1.0,2.0,0.0,0.0,0.1,0.0,1.0,1.0,3.0,2.0,1.0,1.2,4.0
259,2.0,3.5,3.0,1.0,0.0,1.0,1.75,4.0,1.0,1.0,2.0,0.0,0.0,0.0,0.0,1.0,1.0,3.0,0.0,1.0,1.0,6.0
260,0.0,5.0,2.0,1.0,0.0,1.0,2.90909,4.72727,1.0,1.18182,2.0,0.09091,0.18182,0.0,0.63636,1.0,4.0,3.0,2.0,1.0,1.0,4.0
261,0.0,5.4,3.0,1.0,0.0,1.0,1.8,3.9,1.0,1.0,2.0,0.0,0.0,0.0,0.0,1.0,1.0,7.0,0.0,1.0,1.0,8.0
262,0.0,4.0,3.0,1.0,0.0,-1.0,1.63636,3.72727,1.0,1.0,4.0,0.0,0.0,0.54545,0.18182,0.36364,1.0,7.0,0.0,4.0,0.45455,4.0
263,0.0,3.76471,3.0,1.0,0.0,1.0,2.29412,3.64706,0.0,1.17647,2.0,0.0,0.0,0.0,0.0,1.0,0.0,3.0,0.0,1.0,1.0,2.0
264,0.0,4.8,2.0,1.0,0.0,1.0,2.2,3.7,1.0,1.2,2.0,0.2,0.2,0.1,0.6,1.0,1.0,3.0,2.0,1.0,1.0,3.0
265,0.0,4.42623,2.0,0.85246,0.0,1.0,2.36066,4.18033,1.0,1.0,2.0,0.01639,0.18033,0.04918,0.08197,0.81967,1.0,3.0,2.0,1.0,0.96721,2.0
266,3.0,5.14286,3.0,1.0,0.0,1.0,2.0,2.42857,1.0,1.0,2.0,0.0,0.0,0.0,0.0,0.71429,1.0,3.0,1.0,1.0,1.0,6.0
267,0.0,4.53846,3.0,1.0,0.0,1.0,2.76923,4.46154,1.0,1.15385,2.0,0.0,0.15385,0.0,0.07692,0.92308,1.0,3.0,2.0,1.0,1.0,5.0
268,0.0,5.47826,3.0,1.0,0.0,1.0,2.52174,3.0,1.0,1.04348,2.0,0.04348,0.13043,0.04348,0.13043,0.69565,4.0,3.0,2.0,1.0,1.0,9.0
269,0.0,4.0,2.0,1.0,0.0,-1.0,1.75,3.25,1.0,1.0,2.0,0.25,0.0,0.0,0.0,0.75,1.0,3.0,0.0,1.0,0.5,3.0
270,0.0,4.25,3.0,1.0,0.0,1.0,2.25,5.0,1.0,1.0,2.0,0.0,0.0,0.0,0.0,1.0,1.0,3.0,2.0,1.0,1.0,9.0
271,0.0,4.66667,2.0,0.66667,0.0,0.0,2.0,3.66667,1.0,2.66667,4.0,0.0,0.0,0.0,0.0,1.0,0.0,3.0,2.0,1.0,1.0,1.0
272,3.0,5.32,2.0,1.0,0.0,1.0,2.32,3.16,1.0,1.12,2.0,0.08,0.0,0.04,0.16,1.0,1.0,7.0,0.0,1.0,0.84,4.0
273,0.0,5.04762,2.0,1.0,0.0,1.0,2.71429,3.38095,1.0,1.04762,2.0,0.14286,0.09524,0.0,0.09524,0.95238,1.0,2.0,2.0,1.0,1.0,7.0
274,0.0,4.83333,4.0,1.0,0.0,1.0,2.33333,3.94444,1.0,1.05556,2.0,0.0,0.0,0.0,0.0,0.94444,1.0,7.0,0.0,1.0,0.94444,9.0
275,0.0,4.62162,3.0,0.86486,0.0,1.0,2.13514,4.21622,1.0,1.16216,4.0,0.0,0.02703,0.02703,0.59459,0.94595,1.0,3.0,1.0,1.0,0.97297,5.0
276,0.0,4.5,2.0,1.0,0.0,1.0,2.61538,2.96154,1.0,1.0,2.0,0.03846,0.5,0.03846,0.26923,0.96154,1.0,3.0,2.0,1.0,0.96154,8.0
277,0.0,3.0,2.0,1.0,0.0,1.0,2.0,4.0,1.0,1.0,2.0,0.0,0.0,0.0,0.0,1.0,1.0,3.0,0.0,0.0,1.0,3.0
278,0.0,5.45652,3.0,1.0,0.0,1.0,2.6087,4.13043,1.0,1.02174,2.0,0.1087,0.19565,0.26087,0.26087,0.47826,1.0,3.0,1.0,1.0,0.97826,1.0
279,0.0,4.75,3.0,0.95,0.0,1.0,2.55,4.5,0.0,1.0,2.0,0.0,0.05,0.0,0.35,1.0,1.0,3.0,1.0,0.0,1.05,3.0
280,0.0,6.0,3.0,1.0,0.0,1.0,3.0,4.125,1.0,1.125,2.0,0.0,0.0,0.0,0.125,1.0,1.0,3.0,2.0,1.0,1.125,6.0
281,3.0,5.0,3.0,1.0,0.0,1.0,2.2,4.2,1.0,1.0,5.0,0.0,0.2,0.0,0.2,1.0,0.0,3.0,1.0,1.0,1.0,9.0
282,0.0,4.23077,3.0,1.0,0.0,1.0,2.23077,3.69231,1.0,1.0,2.0,0.0,0.46154,0.0,0.07692,0.92308,1.0,7.0,0.0,1.0,1.0,8.0
283,0.0,5.0,2.0,1.0,0.0,1.0,2.71429,3.85714,1.0,1.0,2.0,0.0,0.57143,0.14286,0.42857,0.85714,0.0,3.0,2.0,1.0,1.0,6.0
284,0.0,5.25,3.0,1.0,0.0,1.0,2.75,3.5,1.0,1.25,2.0,0.0,0.25,0.0,0.75,0.75,1.0,3.0,2.0,1.0,1.0,9.0
285,0.0,4.67742,2.0,1.0,0.0,1.0,2.3871,3.45161,1.0,1.16129,2.0,0.0,0.29032,0.0,0.09677,1.0,1.0,3.0,2.0,1.0,1.03226,3.0
286,0.0,5.5,3.0,1.0,0.0,1.0,2.08333,4.58333,0.0,1.0,2.0,0.0,0.5,0.0,0.75,1.0,1.0,3.0,0.0,1.0,1.0,6.0
287,0.0,4.42857,3.0,1.0,0.0,1.0,2.0,3.42857,1.0,1.14286,5.0,0.14286,0.0,0.14286,0.0,0.42857,1.0,3.0,2.0,1.0,1.0,6.0
288,2.0,5.69231,3.0,1.0,0.0,1.0,2.0,4.15385,1.0,1.07692,2.0,0.0,0.07692,0.0,0.0,1.0,1.0,7.0,0.0,1.0,0.92308,6.0
289,2.0,4.25,2.0,1.0,6.0,1.0,2.25,4.25,1.0,1.0,2.0,0.0,0.0,0.0,0.0,1.0,0.0,3.0,0.0,1.0,1.0,3.0
290,2.0,6.5,3.0,1.0,6.0,1.0,2.5,3.5,1.0,1.0,2.0,0.0,0.0,0.0,0.0,1.0,0.0,3.0,0.0,1.0,1.0,9.0
291,3.0,4.0,3.0,1.0,0.0,-1.0,2.0,6.0,1.0,1.0,2.0,0.0,0.0,0.0,0.0,1.0,1.0,7.0,0.0,4.0,0.0,9.0
292,0.0,6.5,3.0,1.0,6.0,1.0,2.5,4.5,1.0,1.25,2.0,0.0,0.0,0.0,0.0,1.0,1.0,3.0,0.0,1.0,0.75,3.0
293,3.0,4.72973,3.0,0.64865,0.0,1.0,2.43243,4.08108,1.0,1.0,2.0,0.05405,0.24324,0.16216,0.02703,0.75676,1.0,3.0,2.0,1.0,0.97297,6.0
294,3.0,5.22642,2.0,0.90566,0.0,1.0,2.4717,3.01887,1.0,1.11321,2.0,0.03774,0.41509,0.0,0.20755,0.83019,4.0,3.0,2.0,1.0,0.99057,7.0
295,0.0,4.1875,3.0,0.89583,0.0,1.0,2.08333,4.35417,0.0,1.0,2.0,0.0,0.0,0.0,0.0,0.85417,2.0,3.0,2.0,1.0,1.02083,4.0
296,0.0,3.0,2.0,1.0,0.0,0.0,2.0,3.0,1.0,1.0,2.0,0.0,0.0,0.0,0.0,1.0,2.0,2.0,2.0,1.0,1.0,9.0
297,0.0,4.68182,3.0,1.0,0.0,1.0,2.40909,4.5,1.0,1.0,2.0,0.0,0.0,0.0,0.0,1.0,1.0,7.0,0.0,1.0,1.0,9.0
298,0.0,4.54839,3.0,0.90323,0.0,1.0,2.16129,4.25806,1.0,1.03226,2.0,0.03226,0.70968,0.03226,0.0,0.90323,1.0,3.0,2.0,1.0,1.0,5.0
299,3.0,4.625,3.0,1.0,6.0,1.0,2.25,2.375,1.0,1.0,2.0,0.0,0.0,0.0,0.0,1.0,1.0,7.0,0.0,1.0,0.75,5.0
300,3.0,4.83333,2.0,1.0,0.0,1.0,2.33333,3.0,1.0,1.0,2.0,0.0,0.0,0.0,0.0,0.33333,1.0,7.0,5.0,1.0,1.0,5.0
301,0.0,4.5,3.0,1.0,0.0,1.0,1.78571,3.89286,1.0,1.0,2.0,0.0,0.0,0.0,0.0,1.0,1.0,7.0,0.0,1.0,1.0,8.0
302,3.0,4.0,3.0,1.0,0.0,1.0,2.0,3.0,1.0,1.0,2.0,0.0,1.0,0.0,0.0,1.0,1.0,3.0,1.0,1.0,1.0,9.0
303,0.0,3.6087,2.0,1.0,0.0,0.0,2.17391,3.43478,1.0,1.04348,2.0,0.0,0.0,0.0,0.95652,1.0,4.0,2.0,2.0,0.0,1.0,2.0
304,0.0,5.375,3.0,1.0,0.0,1.0,2.5,4.625,1.0,1.125,2.0,0.0,0.125,0.0,0.0,1.0,1.0,7.0,0.0,1.0,1.0,5.0
305,3.0,4.46377,3.0,0.85507,0.0,1.0,2.24638,4.07246,1.0,1.01449,2.0,0.01449,0.13043,0.07246,0.04348,0.91304,1.0,3.0,1.0,1.0,1.0,6.0
306,2.0,4.8,3.0,1.0,0.0,1.0,1.93333,4.2,1.0,1.0,2.0,0.0,0.0,0.0,0.0,0.8,1.0,7.0,0.0,1.0,0.8,8.0
307,2.0,4.0,2.0,1.0,0.0,1.0,1.5,2.5,1.0,1.0,2.0,0.0,0.5,0.0,0.0,0.0,1.0,3.0,1.0,1.0,0.75,6.0
308,0.0,5.0,2.0,1.0,0.0,0.0,2.15789,3.94737,1.0,1.10526,2.0,0.05263,0.26316,0.10526,0.78947,1.0,4.0,2.0,2.0,0.0,1.0,1.0
